event_id,disaster_name,disaster_type,start_date,end_date,affected_regions,severity,duration_days,geographic_spread,population_affected,economic_disruption,supply_disruption,mobility_reduction_pct,description
DIS_2019_01,Cyclone Fani,Cyclone,2019-04-26,2019-05-18,"Odisha, West Bengal",8.5,22,0.45,0.35,0.6,0.75,65.0,Category 5 extremely severe cyclonic storm devastating coastal Odisha and parts of Bengal.
DIS_2019_02,Traditional Farming Monsoon Deficit & Crop Failure,Traditional Farming Drought & Crop Shock,2019-07-01,2019-09-15,"Maharashtra, Gujarat, Karnataka",7.2,76,0.6,0.55,0.65,0.8,15.0,"Severe rainfall deficit delaying Kharif sowing, damaging pulses and cotton yields, causing mandi price spikes."
DIS_2020_01,COVID-19 Wave 1 & National Lockdown,Pandemic,2020-03-22,2020-07-31,All India,9.8,131,1.0,0.95,0.88,0.92,85.0,"Nationwide lockdown halting physical retail, closing schools and offices, surging e-commerce essentials."
DIS_2020_02,Super Cyclone Amphan,Cyclone,2020-05-16,2020-06-05,"West Bengal, Odisha",8.9,21,0.5,0.4,0.7,0.82,70.0,"Destructive cyclone hitting Kolkata and Sundarbans during COVID lockdown, wrecking supply corridors."
DIS_2021_01,COVID-19 Wave 2 (Delta Surge),Pandemic,2021-04-05,2021-06-30,All India,9.5,86,0.95,0.9,0.78,0.82,72.0,Severe medical crisis leading to state-level curfews and massive surge in medical supplies and health products.
DIS_2021_02,Maharashtra Severe Floods & Landslides,Flood,2021-07-20,2021-08-16,Maharashtra,8.0,27,0.35,0.3,0.55,0.85,60.0,"Record torrential monsoon rainfall flooding Chiplun, Mahad, Kolhapur and impacting Mumbai-Pune transport."
DIS_2022_01,Global & Domestic Supply Chain Bottleneck,Supply Chain Disruption,2022-02-10,2022-04-30,All India,6.8,79,0.8,0.5,0.48,0.88,10.0,Semiconductor shortages and freight cost surges delaying electronics and hardware fulfillment.
DIS_2022_02,Unseasonal Hailstorms & Rabi Crop Damage,Traditional Farming Hail & Crop Shock,2022-03-01,2022-04-15,"Maharashtra, Gujarat, Delhi NCR",7.0,45,0.45,0.4,0.58,0.78,12.0,"Severe hailstorms damaging standing wheat, onion, and mango crops across Western and Northern farming belts."
DIS_2023_01,Modern AI Job Recession & White-Collar Layoff Shock,Modern AI Job Recession,2023-01-15,2023-06-30,"Karnataka, Maharashtra, Delhi NCR",7.6,166,0.65,0.6,0.75,0.2,20.0,"GenAI automation restructuring, global tech freeze, and startup layoffs curbing discretionary tech, luxury apparel, and dining spend while boosting upskilling courses."
DIS_2023_02,Cyclone Biparjoy,Cyclone,2023-06-06,2023-06-25,"Gujarat, Maharashtra",7.5,20,0.4,0.25,0.5,0.65,45.0,"Severe cyclonic storm making landfall in Kutch, disrupting ports, rail corridors and local agriculture."
